timestamp,event_id,predicted_severity,predicted_duration_min,actual_severity,actual_duration_min,feedback_notes
2026-06-18T23:08:22.392399,FKID006620,High,426.60936853333334,High,385.6,Auto-simulated outcome (True: 426.6m)
2026-06-18T23:08:24.542031,FKID001928,High,35.05276381666667,High,37.7,Auto-simulated outcome (True: 35.1m)
2026-06-18T23:08:28.056147,FKID001929,Low,52.07746276666667,Low,56.3,Auto-simulated outcome (True: 52.1m)
2026-06-18T23:08:30.308205,FKID008053,High,251.52996988333337,High,256.5,Auto-simulated outcome (True: 251.5m)
2026-06-18T23:08:48.032543,FKID003358,High,27.418236333333333,High,27.9,Auto-simulated outcome (True: 27.4m)
2026-06-18T23:08:51.567897,FKID002988,High,15.380214683333332,Low,15.0,Auto-simulated outcome (True: 15.4m)
2026-06-18T23:08:53.720207,FKID005642,Low,26.185454216666667,Low,27.9,Auto-simulated outcome (True: 26.2m)
2026-06-18T23:08:57.614512,FKID001419,High,45.38100588333334,High,47.6,Auto-simulated outcome (True: 45.4m)
2026-06-18T23:09:01.229400,FKID002385,Low,21.925417683333333,Low,24.1,Auto-simulated outcome (True: 21.9m)
2026-06-18T23:09:04.213730,FKID003723,High,14.215710583333331,High,13.9,Auto-simulated outcome (True: 14.2m)
2026-06-18T23:09:07.102113,FKID006309,High,18.3150515,High,19.3,Auto-simulated outcome (True: 18.3m)
2026-06-18T23:09:10.212975,FKID004658,Low,1436.9409212833334,Low,1538.5,Auto-simulated outcome (True: 1436.9m)
2026-06-18T23:09:13.070914,FKID005981,High,8942.389955716668,High,8669.5,Auto-simulated outcome (True: 8942.4m)
2026-06-18T23:09:15.728352,FKID003164,High,23.54380595,High,21.5,Auto-simulated outcome (True: 23.5m)
2026-06-18T23:09:19.682467,FKID000457,High,628.0100223833334,High,655.1,Auto-simulated outcome (True: 628.0m)
2026-06-18T23:09:23.512029,FKID006195,Low,2.6516332666666664,Low,2.7,Auto-simulated outcome (True: 2.7m)
2026-06-18T23:09:26.036108,FKID002167,Low,25.79376715,Low,25.1,Auto-simulated outcome (True: 25.8m)
2026-06-18T23:09:28.436434,FKID001508,High,10.619932433333334,High,10.6,Auto-simulated outcome (True: 10.6m)
2026-06-18T23:09:31.060044,FKID003637,High,266.31099951666664,High,274.0,Auto-simulated outcome (True: 266.3m)
2026-06-18T23:09:33.618802,FKID004581,High,49.2026263,High,45.7,Auto-simulated outcome (True: 49.2m)
2026-06-18T23:09:36.905293,FKID000343,Low,72.34147603333332,Low,74.6,Auto-simulated outcome (True: 72.3m)
2026-06-18T23:09:40.739441,FKID002987,Low,2926.57525605,High,2919.8,Auto-simulated outcome (True: 2926.6m)
2026-06-18T23:09:42.892498,FKID006115,High,74.64067675,High,81.3,Auto-simulated outcome (True: 74.6m)
2026-06-18T23:09:46.264760,FKID006080,Low,110.96327143333332,Low,106.0,Auto-simulated outcome (True: 111.0m)
2026-06-18T23:09:48.602958,FKID007239,High,17.107073166666666,High,18.6,Auto-simulated outcome (True: 17.1m)
2026-06-18T23:09:51.402189,FKID004732,High,79.66424116666667,High,85.9,Auto-simulated outcome (True: 79.7m)
2026-06-18T23:09:53.502069,FKID008069,High,5.467024883333334,High,5.3,Auto-simulated outcome (True: 5.5m)
2026-06-18T23:09:55.737821,FKID007210,High,47.98083691666667,High,52.6,Auto-simulated outcome (True: 48.0m)
2026-06-18T23:09:58.845074,FKID001999,Low,16.525977933333333,Low,16.1,Auto-simulated outcome (True: 16.5m)
2026-06-18T23:10:01.041226,FKID003888,Low,2533.2403664333333,Low,2475.4,Auto-simulated outcome (True: 2533.2m)
2026-06-18T23:10:04.580554,FKID002651,Low,158.45544278333332,Low,147.8,Auto-simulated outcome (True: 158.5m)
2026-06-18T23:10:08.598779,FKID002235,High,76.73107366666666,High,74.0,Auto-simulated outcome (True: 76.7m)
2026-06-18T23:10:10.764198,FKID002602,Low,3.0139137333333332,Low,3.0,Auto-simulated outcome (True: 3.0m)
2026-06-18T23:10:13.133358,FKID002602,Low,3.0139137333333332,Low,3.2,Auto-simulated outcome (True: 3.0m)
2026-06-18T23:10:16.682587,FKID002988,High,15.380214683333332,High,14.4,Auto-simulated outcome (True: 15.4m)
2026-06-18T23:10:20.124789,FKID002159,High,25.298768399999997,High,27.8,Auto-simulated outcome (True: 25.3m)
2026-06-18T23:10:23.249201,FKID006304,High,37.48756958333333,High,34.6,Auto-simulated outcome (True: 37.5m)
2026-06-18T23:10:25.836211,FKID003604,High,165.32164101666666,High,163.4,Auto-simulated outcome (True: 165.3m)
2026-06-18T23:10:29.714300,FKID007432,Low,30.86997373333333,Low,29.7,Auto-simulated outcome (True: 30.9m)
2026-06-18T23:10:32.268049,FKID004020,High,86.21060556666666,High,92.2,Auto-simulated outcome (True: 86.2m)
2026-06-18T23:10:34.860123,FKID005623,Low,76.08330763333333,Low,77.7,Auto-simulated outcome (True: 76.1m)
2026-06-18T23:10:38.647280,FKID003820,Low,32.297003716666666,Low,30.9,Auto-simulated outcome (True: 32.3m)
2026-06-18T23:10:41.474054,FKID002172,Low,1311.6875813333331,Low,1365.7,Auto-simulated outcome (True: 1311.7m)
2026-06-18T23:10:44.095804,FKID003396,High,109.2543058,High,115.3,Auto-simulated outcome (True: 109.3m)
2026-06-18T23:10:46.477421,FKID007397,High,14.00793095,High,14.6,Auto-simulated outcome (True: 14.0m)
2026-06-18T23:10:49.489498,FKID007906,Low,66.69363336666667,Low,64.4,Auto-simulated outcome (True: 66.7m)
2026-06-18T23:10:52.971332,FKID002848,Low,29.089931583333335,Low,27.0,Auto-simulated outcome (True: 29.1m)
2026-06-18T23:10:55.416976,FKID002807,High,201.7505084166667,High,202.4,Auto-simulated outcome (True: 201.8m)
2026-06-18T23:10:57.959066,FKID005881,High,24.4252093,High,23.3,Auto-simulated outcome (True: 24.4m)
2026-06-18T23:11:01.000323,FKID002618,High,72.85393916666666,High,69.5,Auto-simulated outcome (True: 72.9m)
2026-06-18T23:11:03.600614,FKID001154,High,11.97852685,High,11.2,Auto-simulated outcome (True: 12.0m)
2026-06-18T23:11:07.099894,FKID004655,Low,52.71905041666666,Low,55.8,Auto-simulated outcome (True: 52.7m)
2026-06-18T23:11:09.462478,FKID000791,Low,71.70723046666667,Low,66.2,Auto-simulated outcome (True: 71.7m)
2026-06-18T23:11:11.568389,FKID002778,Low,188.00503193333333,Low,188.6,Auto-simulated outcome (True: 188.0m)
2026-06-18T23:11:15.252752,FKID003694,Low,1470.0430083666663,Low,1457.3,Auto-simulated outcome (True: 1470.0m)
2026-06-18T23:11:18.838354,FKID005883,High,90.33891258333333,High,95.9,Auto-simulated outcome (True: 90.3m)
2026-06-18T23:11:21.609072,FKID003888,Low,2533.2403664333333,Low,2533.7,Auto-simulated outcome (True: 2533.2m)
2026-06-18T23:11:24.215045,FKID007277,High,57.670317733333334,High,52.6,Auto-simulated outcome (True: 57.7m)
2026-06-18T23:11:27.604048,FKID005788,High,88.40484938333334,High,84.3,Auto-simulated outcome (True: 88.4m)
2026-06-18T23:11:30.594984,FKID003131,High,35.82966003333333,High,35.5,Auto-simulated outcome (True: 35.8m)
2026-06-18T23:11:33.510288,FKID000655,Low,48.6091393,Low,48.4,Auto-simulated outcome (True: 48.6m)
2026-06-18T23:11:35.898758,FKID006294,High,15.9091993,High,14.8,Auto-simulated outcome (True: 15.9m)
2026-06-18T23:11:39.089264,FKID003459,Low,90.95861588333334,Low,84.9,Auto-simulated outcome (True: 91.0m)
2026-06-18T23:11:42.820117,FKID004223,High,73.26354786666667,High,68.0,Auto-simulated outcome (True: 73.3m)
2026-06-18T23:11:45.558853,FKID007631,High,113.1355069,High,124.0,Auto-simulated outcome (True: 113.1m)
2026-06-18T23:11:48.977068,FKID008133,Low,3.3119588500000003,Low,3.3,Auto-simulated outcome (True: 3.3m)
2026-06-18T23:11:51.853232,FKID002861,High,6.159646333333333,High,5.7,Auto-simulated outcome (True: 6.2m)
2026-06-18T23:11:55.705869,FKID000142,High,49.972616783333336,High,52.6,Auto-simulated outcome (True: 50.0m)
2026-06-18T23:11:59.233000,FKID006001,Low,84.26732303333333,Low,78.1,Auto-simulated outcome (True: 84.3m)
2026-06-18T23:12:01.662763,FKID003412,Low,4871.568496116667,Low,4517.7,Auto-simulated outcome (True: 4871.6m)
2026-06-18T23:12:04.110029,FKID001772,Low,153.20900648333333,Low,158.1,Auto-simulated outcome (True: 153.2m)
2026-06-18T23:12:07.913485,FKID000264,Low,1107.119046283333,Low,1015.2,Auto-simulated outcome (True: 1107.1m)
2026-06-18T23:12:10.950362,FKID002396,High,29.16649395,High,30.6,Auto-simulated outcome (True: 29.2m)
2026-06-18T23:12:13.544321,FKID006966,Low,126.51745251666668,Low,134.2,Auto-simulated outcome (True: 126.5m)
2026-06-18T23:12:17.539148,FKID002070,High,7.989997,Low,7.4,Auto-simulated outcome (True: 8.0m)
2026-06-18T23:12:21.032131,FKID007509,Low,136.34130586666666,Low,141.8,Auto-simulated outcome (True: 136.3m)
2026-06-18T23:12:24.585493,FKID002947,High,21.60461613333333,High,22.5,Auto-simulated outcome (True: 21.6m)
2026-06-18T23:12:27.664232,FKID001331,High,52.03779613333334,High,53.2,Auto-simulated outcome (True: 52.0m)
2026-06-18T23:12:30.643714,FKID005852,High,4008.7431538333335,Low,4137.0,Auto-simulated outcome (True: 4008.7m)
2026-06-18T23:12:33.483396,FKID007236,High,83.49164651666666,High,90.2,Auto-simulated outcome (True: 83.5m)
2026-06-18T23:12:36.074595,FKID001948,High,2.2310387166666668,Low,2.4,Auto-simulated outcome (True: 2.2m)
2026-06-18T23:12:38.935962,FKID007192,High,23.807276100000003,High,24.5,Auto-simulated outcome (True: 23.8m)
2026-06-18T23:12:42.392555,FKID006339,High,9.36597485,High,8.9,Auto-simulated outcome (True: 9.4m)
2026-06-18T23:12:45.445890,FKID007159,High,78.36581535,High,80.4,Auto-simulated outcome (True: 78.4m)
2026-06-18T23:12:48.417543,FKID002401,Low,84.40798688333332,Low,83.7,Auto-simulated outcome (True: 84.4m)
2026-06-18T23:12:51.724771,FKID000714,Low,280.83443520000003,Low,257.5,Auto-simulated outcome (True: 280.8m)
2026-06-18T23:12:54.232178,FKID001181,High,47.697048333333335,High,43.2,Auto-simulated outcome (True: 47.7m)
2026-06-18T23:12:57.630236,FKID006573,High,60.66095205,High,56.9,Auto-simulated outcome (True: 60.7m)
2026-06-18T23:13:00.946976,FKID005576,High,33.11645485,High,35.6,Auto-simulated outcome (True: 33.1m)
2026-06-18T23:13:03.510361,FKID001682,High,112.30525148333332,High,112.3,Auto-simulated outcome (True: 112.3m)
2026-06-18T23:13:06.284088,FKID006012,High,104.03651015,High,114.0,Auto-simulated outcome (True: 104.0m)
2026-06-18T23:13:09.886033,FKID006242,High,9.58248465,High,9.2,Auto-simulated outcome (True: 9.6m)
2026-06-18T23:13:12.794480,FKID003607,High,36.63884388333334,High,37.7,Auto-simulated outcome (True: 36.6m)
2026-06-18T23:13:16.644101,FKID001589,High,90.53504385,High,94.1,Auto-simulated outcome (True: 90.5m)
2026-06-18T23:13:20.296703,FKID004633,Low,17.692932883333334,Low,18.6,Auto-simulated outcome (True: 17.7m)
2026-06-18T23:13:23.143725,FKID007804,High,55.3120185,High,54.0,Auto-simulated outcome (True: 55.3m)
2026-06-18T23:13:26.604521,FKID006049,High,3.140068266666667,High,3.2,Auto-simulated outcome (True: 3.1m)
2026-06-18T23:13:30.141018,FKID005814,High,30.345930816666662,High,28.6,Auto-simulated outcome (True: 30.3m)
2026-06-18T23:13:33.748537,FKID003108,Low,88.10845821666666,Low,91.6,Auto-simulated outcome (True: 88.1m)
2026-06-18T23:13:36.761786,FKID000322,High,141.6439397166667,High,150.5,Auto-simulated outcome (True: 141.6m)
2026-06-18T23:13:40.713665,FKID000983,Low,2.318516516666667,Low,2.5,Auto-simulated outcome (True: 2.3m)
2026-06-18T23:13:43.697757,FKID006711,Low,69.4879925,Low,75.1,Auto-simulated outcome (True: 69.5m)
2026-06-18T23:13:46.926069,FKID006255,High,99.96852326666666,High,102.0,Auto-simulated outcome (True: 100.0m)
2026-06-18T23:13:50.644808,FKID007861,High,100.30296911666666,High,93.7,Auto-simulated outcome (True: 100.3m)
2026-06-18T23:13:53.976991,FKID000612,High,102.56760073333334,High,92.9,Auto-simulated outcome (True: 102.6m)
2026-06-18T23:13:57.922685,FKID005860,Low,44.04752773333333,Low,42.5,Auto-simulated outcome (True: 44.0m)
2026-06-18T23:14:01.172987,FKID007725,High,21.920086183333336,High,20.4,Auto-simulated outcome (True: 21.9m)
2026-06-18T23:14:04.695999,FKID004762,High,89.64109846666666,High,82.4,Auto-simulated outcome (True: 89.6m)
2026-06-18T23:14:06.953625,FKID002091,High,41.37271345,High,44.8,Auto-simulated outcome (True: 41.4m)
2026-06-18T23:14:10.484790,FKID000781,Low,119.41805865,Low,119.9,Auto-simulated outcome (True: 119.4m)
2026-06-18T23:14:12.826337,FKID001293,Low,1489.0271123833334,Low,1582.3,Auto-simulated outcome (True: 1489.0m)
2026-06-18T23:14:15.304666,FKID006393,High,10.35619615,High,10.3,Auto-simulated outcome (True: 10.4m)
2026-06-18T23:14:18.610628,FKID002617,Low,42.46220125,Low,39.7,Auto-simulated outcome (True: 42.5m)
2026-06-18T23:14:22.280642,FKID004277,High,111.53120048333334,High,105.4,Auto-simulated outcome (True: 111.5m)
2026-06-18T23:14:24.470910,FKID007925,Low,85.28976388333334,Low,77.3,Auto-simulated outcome (True: 85.3m)
2026-06-18T23:14:28.396107,FKID008135,High,77.91042241666668,High,73.0,Auto-simulated outcome (True: 77.9m)
2026-06-18T23:14:31.993452,FKID006133,High,3688.3307549166666,High,3915.7,Auto-simulated outcome (True: 3688.3m)
2026-06-18T23:14:34.900790,FKID002131,High,125.653309,High,129.8,Auto-simulated outcome (True: 125.7m)
2026-06-18T23:14:38.312985,FKID001942,Low,31.519939366666662,Low,34.2,Auto-simulated outcome (True: 31.5m)
2026-06-18T23:14:41.304546,FKID004038,High,100.47900773333336,High,107.2,Auto-simulated outcome (True: 100.5m)
2026-06-18T23:14:44.876957,FKID006604,High,20.309035,High,19.4,Auto-simulated outcome (True: 20.3m)
2026-06-18T23:14:48.316048,FKID005195,Low,7112.5823547,Low,6850.0,Auto-simulated outcome (True: 7112.6m)
2026-06-18T23:14:51.066027,FKID003157,High,17.55729665,High,16.1,Auto-simulated outcome (True: 17.6m)
2026-06-18T23:14:54.446225,FKID006107,High,75.34786806666666,High,81.5,Auto-simulated outcome (True: 75.3m)
2026-06-18T23:14:57.950563,FKID003497,High,111.00052843333332,High,116.4,Auto-simulated outcome (True: 111.0m)
2026-06-18T23:15:01.608428,FKID005135,Low,21.676458,High,21.0,Auto-simulated outcome (True: 21.7m)
2026-06-18T23:15:05.134116,FKID001547,High,41.391337183333334,High,43.6,Auto-simulated outcome (True: 41.4m)
2026-06-18T23:15:08.617345,FKID003148,High,18.787546516666666,High,20.0,Auto-simulated outcome (True: 18.8m)
2026-06-18T23:15:12.200068,FKID006494,Low,30.651319966666662,Low,31.3,Auto-simulated outcome (True: 30.7m)
2026-06-18T23:15:15.156871,FKID000791,Low,71.70723046666667,Low,71.7,Auto-simulated outcome (True: 71.7m)
2026-06-18T23:15:17.427510,FKID005214,High,14.133789316666668,High,15.3,Auto-simulated outcome (True: 14.1m)
2026-06-18T23:15:20.753236,FKID002223,High,105.1540334,High,102.8,Auto-simulated outcome (True: 105.2m)
2026-06-18T23:15:22.942600,FKID008007,High,4697.869071533333,High,4340.8,Auto-simulated outcome (True: 4697.9m)
2026-06-18T23:15:25.138955,FKID006717,High,3.5276909833333336,High,3.7,Auto-simulated outcome (True: 3.5m)
2026-06-18T23:15:27.978907,FKID004849,Low,15.559016000000002,High,15.4,Auto-simulated outcome (True: 15.6m)
2026-06-18T23:15:30.223972,FKID007272,High,118.03214865,High,116.7,Auto-simulated outcome (True: 118.0m)
2026-06-18T23:15:33.657625,FKID005430,High,147.61173708333334,High,143.3,Auto-simulated outcome (True: 147.6m)
2026-06-18T23:15:37.162859,FKID000721,Low,129.19878353333334,Low,135.8,Auto-simulated outcome (True: 129.2m)
2026-06-18T23:15:40.557481,FKID005855,Low,64.19872528333333,Low,60.9,Auto-simulated outcome (True: 64.2m)
2026-06-18T23:15:44.478999,FKID006126,High,34.755479933333326,High,36.4,Auto-simulated outcome (True: 34.8m)
2026-06-18T23:15:48.327752,FKID007390,High,98.99271175,High,102.1,Auto-simulated outcome (True: 99.0m)
2026-06-18T23:15:52.372140,FKID001351,High,35.12267365,High,37.0,Auto-simulated outcome (True: 35.1m)
2026-06-18T23:15:55.666164,FKID001290,High,30.207270483333332,High,29.1,Auto-simulated outcome (True: 30.2m)
2026-06-18T23:15:59.384652,FKID002460,Low,121.07565023333332,Low,119.9,Auto-simulated outcome (True: 121.1m)
2026-06-18T23:16:02.783103,FKID003637,High,266.31099951666664,High,256.2,Auto-simulated outcome (True: 266.3m)
2026-06-18T23:16:06.264760,FKID006325,Low,88.99168374999999,Low,89.7,Auto-simulated outcome (True: 89.0m)
2026-06-18T23:16:09.628674,FKID000941,Low,138.70672721666668,Low,132.1,Auto-simulated outcome (True: 138.7m)
2026-06-18T23:16:11.774709,FKID003725,Low,39.16560811666667,Low,38.3,Auto-simulated outcome (True: 39.2m)
2026-06-18T23:16:15.467372,FKID003118,High,21.91443695,High,20.4,Auto-simulated outcome (True: 21.9m)
2026-06-18T23:16:18.053728,FKID000769,Low,27.657876616666663,Low,29.0,Auto-simulated outcome (True: 27.7m)
2026-06-18T23:16:20.763691,FKID004715,High,11.609703566666669,High,12.7,Auto-simulated outcome (True: 11.6m)
2026-06-18T23:16:23.088631,FKID000578,High,35.9550146,High,35.3,Auto-simulated outcome (True: 36.0m)
2026-06-18T23:16:25.520360,FKID006801,High,104.27178085,High,99.8,Auto-simulated outcome (True: 104.3m)
2026-06-18T23:16:28.066670,FKID002235,High,76.73107366666666,High,71.8,Auto-simulated outcome (True: 76.7m)
2026-06-18T23:16:31.801895,FKID007534,High,73.59852533333333,High,74.0,Auto-simulated outcome (True: 73.6m)
2026-06-18T23:16:34.066889,FKID002145,High,59.57834488333333,High,56.5,Auto-simulated outcome (True: 59.6m)
2026-06-18T23:16:38.036212,FKID004070,High,2756.454794866667,High,2554.8,Auto-simulated outcome (True: 2756.5m)
2026-06-18T23:16:41.350168,FKID006826,Low,31.144372966666666,Low,34.2,Auto-simulated outcome (True: 31.1m)
2026-06-18T23:16:44.611594,FKID002098,Low,41.838232833333336,Low,45.5,Auto-simulated outcome (True: 41.8m)
2026-06-18T23:16:47.208830,FKID004574,Low,5387.863340333333,Low,5911.0,Auto-simulated outcome (True: 5387.9m)
2026-06-18T23:16:50.272346,FKID002421,High,60.74641678333333,High,58.4,Auto-simulated outcome (True: 60.7m)
2026-06-18T23:16:53.437509,FKID000979,High,26.02119336666667,High,26.4,Auto-simulated outcome (True: 26.0m)
2026-06-18T23:16:57.092318,FKID003664,High,20.8340875,High,22.4,Auto-simulated outcome (True: 20.8m)
2026-06-18T23:17:00.458709,FKID006076,High,11.41171555,High,11.5,Auto-simulated outcome (True: 11.4m)
2026-06-18T23:17:02.805354,FKID002481,High,26.211784233333333,High,28.1,Auto-simulated outcome (True: 26.2m)
2026-06-18T23:17:06.500524,FKID006697,High,34.993629850000005,High,35.1,Auto-simulated outcome (True: 35.0m)
2026-06-18T23:17:10.209110,FKID001194,High,62.15927346666667,High,61.0,Auto-simulated outcome (True: 62.2m)
2026-06-18T23:17:12.448326,FKID006292,High,71.66695605,High,70.0,Auto-simulated outcome (True: 71.7m)
2026-06-18T23:17:14.578146,FKID007685,High,50.004631583333335,High,50.9,Auto-simulated outcome (True: 50.0m)
2026-06-18T23:17:18.361867,FKID006136,High,111.66404631666666,High,112.8,Auto-simulated outcome (True: 111.7m)
2026-06-18T23:17:21.294771,FKID000909,Low,137.85110428333334,Low,134.9,Auto-simulated outcome (True: 137.9m)
2026-06-18T23:17:24.104904,FKID004120,High,35.686632450000005,High,38.6,Auto-simulated outcome (True: 35.7m)
2026-06-18T23:17:27.370730,FKID000681,High,7.371330166666667,High,7.2,Auto-simulated outcome (True: 7.4m)
2026-06-18T23:17:29.764892,FKID000674,Low,2267.11059435,Low,2201.1,Auto-simulated outcome (True: 2267.1m)
2026-06-18T23:17:32.799509,FKID007094,High,71.89760106666667,High,71.8,Auto-simulated outcome (True: 71.9m)
2026-06-18T23:17:35.910876,FKID004424,Low,79.95452736666667,Low,77.0,Auto-simulated outcome (True: 80.0m)
2026-06-18T23:17:39.599861,FKID003235,Low,5696.365478299999,Low,5414.0,Auto-simulated outcome (True: 5696.4m)
2026-06-18T23:17:43.105704,FKID006325,Low,88.99168374999999,Low,86.3,Auto-simulated outcome (True: 89.0m)
2026-06-18T23:17:46.774780,FKID008079,High,28.910718466666665,High,26.1,Auto-simulated outcome (True: 28.9m)
2026-06-18T23:17:49.323011,FKID005633,High,27.20697725,High,24.9,Auto-simulated outcome (True: 27.2m)
2026-06-18T23:17:53.115753,FKID004142,Low,58.11503883333333,Low,57.3,Auto-simulated outcome (True: 58.1m)
2026-06-18T23:17:56.486069,FKID002002,High,8530.49384115,High,8101.0,Auto-simulated outcome (True: 8530.5m)
2026-06-18T23:18:00.518487,FKID005812,High,91.35186411666668,High,99.6,Auto-simulated outcome (True: 91.4m)
2026-06-18T23:18:03.053564,FKID007934,Low,15.193326466666669,Low,15.6,Auto-simulated outcome (True: 15.2m)
2026-06-18T23:18:06.887688,FKID002745,High,93.40865363333334,High,91.7,Auto-simulated outcome (True: 93.4m)
2026-06-18T23:18:09.088054,FKID006317,High,36.529660166666666,High,38.0,Auto-simulated outcome (True: 36.5m)
2026-06-18T23:18:11.762713,FKID004674,Low,7661.4715138,Low,8267.6,Auto-simulated outcome (True: 7661.5m)
2026-06-18T23:18:14.197696,FKID004923,High,91.44109088333332,Low,98.3,Auto-simulated outcome (True: 91.4m)
2026-06-18T23:18:16.278541,FKID004286,Low,2592.6318681333337,Low,2550.1,Auto-simulated outcome (True: 2592.6m)
2026-06-18T23:18:19.482902,FKID007222,Low,45.685754933333335,Low,48.5,Auto-simulated outcome (True: 45.7m)
2026-06-18T23:18:22.741195,FKID004999,Low,48.370828966666664,Low,51.2,Auto-simulated outcome (True: 48.4m)
2026-06-18T23:18:25.484504,FKID007650,High,428.7790138333333,High,469.5,Auto-simulated outcome (True: 428.8m)
2026-06-18T23:18:28.417122,FKID006150,High,69.13833371666666,High,64.9,Auto-simulated outcome (True: 69.1m)
2026-06-18T23:18:32.212222,FKID007578,High,32.954886933333334,High,30.4,Auto-simulated outcome (True: 33.0m)
2026-06-18T23:18:35.926038,FKID000321,High,20.211203416666667,High,21.0,Auto-simulated outcome (True: 20.2m)
2026-06-18T23:18:39.614839,FKID006588,High,71.08655019999999,High,65.0,Auto-simulated outcome (True: 71.1m)
2026-06-18T23:18:42.065018,FKID002506,Low,137.26294234999995,Low,139.4,Auto-simulated outcome (True: 137.3m)
2026-06-18T23:18:45.870644,FKID002986,Low,4714.33184145,Low,4309.0,Auto-simulated outcome (True: 4714.3m)
2026-06-18T23:18:49.769579,FKID004770,Low,44.05130068333334,Low,46.2,Auto-simulated outcome (True: 44.1m)
2026-06-18T23:18:53.712649,FKID001119,Low,68.54527198333334,Low,64.1,Auto-simulated outcome (True: 68.5m)
2026-06-18T23:18:57.521621,FKID000271,High,30.63011775,High,29.2,Auto-simulated outcome (True: 30.6m)
2026-06-18T23:19:00.197338,FKID008018,High,21.377075433333335,High,19.9,Auto-simulated outcome (True: 21.4m)
2026-06-18T23:19:02.390598,FKID005616,High,28.033226533333337,High,28.4,Auto-simulated outcome (True: 28.0m)
2026-06-18T23:19:05.316606,FKID001634,Low,18.394525433333335,Low,17.1,Auto-simulated outcome (True: 18.4m)
2026-06-18T23:19:08.647489,FKID007108,High,12.5869507,High,12.1,Auto-simulated outcome (True: 12.6m)
2026-06-18T23:19:11.393866,FKID000256,High,19.115834,High,17.8,Auto-simulated outcome (True: 19.1m)
2026-06-18T23:19:13.887643,FKID004634,Low,26.38407085,Low,27.1,Auto-simulated outcome (True: 26.4m)
2026-06-18T23:19:17.141262,FKID003786,High,4.514547266666667,High,4.9,Auto-simulated outcome (True: 4.5m)
2026-06-18T23:19:20.588118,FKID004497,High,77.10802596666667,High,73.5,Auto-simulated outcome (True: 77.1m)
2026-06-18T23:19:23.331133,FKID006819,High,78.02181971666667,High,85.1,Auto-simulated outcome (True: 78.0m)
2026-06-18T23:19:26.514179,FKID003026,High,997.1460983833332,High,972.1,Auto-simulated outcome (True: 997.1m)
2026-06-18T23:19:29.077946,FKID007085,High,6.048961883333333,High,6.2,Auto-simulated outcome (True: 6.0m)
2026-06-18T23:19:33.113971,FKID001495,Low,116.41837865,Low,106.2,Auto-simulated outcome (True: 116.4m)
2026-06-18T23:19:36.370497,FKID003191,High,36.214431233333336,High,39.7,Auto-simulated outcome (True: 36.2m)
2026-06-18T23:19:40.361750,FKID001432,High,25.321667083333335,High,26.3,Auto-simulated outcome (True: 25.3m)
2026-06-18T23:19:43.986710,FKID000773,High,148.41387268333335,High,158.2,Auto-simulated outcome (True: 148.4m)
2026-06-18T23:19:46.513517,FKID000010,High,9348.299649083334,High,10275.2,Auto-simulated outcome (True: 9348.3m)
2026-06-18T23:19:49.911114,FKID000450,High,107.40422818333332,High,116.4,Auto-simulated outcome (True: 107.4m)
2026-06-18T23:19:53.295142,FKID005592,High,22.40985058333333,High,20.6,Auto-simulated outcome (True: 22.4m)
2026-06-18T23:19:56.788863,FKID007765,High,74.82453056666667,High,77.3,Auto-simulated outcome (True: 74.8m)
2026-06-18T23:19:58.947315,FKID006083,Low,16.688940616666667,Low,17.4,Auto-simulated outcome (True: 16.7m)
2026-06-18T23:20:01.500338,FKID007582,Low,4.599644433333333,Low,4.5,Auto-simulated outcome (True: 4.6m)
2026-06-18T23:20:04.356457,FKID001974,High,50.50448333333333,Low,52.4,Auto-simulated outcome (True: 50.5m)
2026-06-18T23:20:06.641125,FKID003629,Low,8085.1825992,Low,8866.5,Auto-simulated outcome (True: 8085.2m)
2026-06-18T23:20:09.062747,FKID007128,Low,8.934634983333332,Low,9.0,Auto-simulated outcome (True: 8.9m)
2026-06-18T23:20:11.856106,FKID002995,High,48.38724398333333,High,44.8,Auto-simulated outcome (True: 48.4m)
2026-06-18T23:20:15.243165,FKID002496,Low,6753.669983233333,Low,6303.4,Auto-simulated outcome (True: 6753.7m)
2026-06-18T23:20:18.461284,FKID000635,Low,58.84397311666667,Low,54.0,Auto-simulated outcome (True: 58.8m)
2026-06-18T23:20:21.543167,FKID001380,Low,1911.9671419166664,Low,1825.4,Auto-simulated outcome (True: 1912.0m)
2026-06-18T23:20:24.161745,FKID002301,High,89.98981611666666,High,83.3,Auto-simulated outcome (True: 90.0m)
2026-06-18T23:20:27.064251,FKID002336,High,27.165104633333332,High,26.5,Auto-simulated outcome (True: 27.2m)
2026-06-18T23:20:29.330755,FKID003341,Low,29.77319076666667,Low,30.4,Auto-simulated outcome (True: 29.8m)
2026-06-18T23:20:32.788062,FKID007277,High,57.670317733333334,High,54.4,Auto-simulated outcome (True: 57.7m)
2026-06-18T23:20:36.569887,FKID002311,High,239.9968421,High,221.0,Auto-simulated outcome (True: 240.0m)
2026-06-18T23:20:39.795506,FKID001329,High,153.41269573333332,High,167.4,Auto-simulated outcome (True: 153.4m)
2026-06-18T23:20:41.951264,FKID002887,Low,2863.879304833333,Low,3048.6,Auto-simulated outcome (True: 2863.9m)
2026-06-18T23:20:44.168463,FKID003343,High,79.09793438333332,Low,78.1,Auto-simulated outcome (True: 79.1m)
2026-06-18T23:20:47.861278,FKID002151,High,12.384581016666669,High,13.1,Auto-simulated outcome (True: 12.4m)
2026-06-18T23:20:50.242371,FKID002614,High,4.05119445,High,3.9,Auto-simulated outcome (True: 4.1m)
2026-06-18T23:20:53.196256,FKID001933,Low,17.6889574,Low,16.3,Auto-simulated outcome (True: 17.7m)
2026-06-18T23:20:56.446482,FKID007925,Low,85.28976388333334,Low,88.7,Auto-simulated outcome (True: 85.3m)
2026-06-18T23:20:59.233684,FKID002191,High,113.27622685,High,118.1,Auto-simulated outcome (True: 113.3m)
2026-06-18T23:21:02.502531,FKID003531,High,37.87514003333333,High,40.1,Auto-simulated outcome (True: 37.9m)
2026-06-18T23:21:05.861411,FKID000631,High,46.61182065,High,42.7,Auto-simulated outcome (True: 46.6m)
2026-06-18T23:21:08.963174,FKID004870,Low,1553.7663699333332,Low,1621.8,Auto-simulated outcome (True: 1553.8m)
2026-06-18T23:21:12.362951,FKID000829,High,1.0338238833333333,High,1.1,Auto-simulated outcome (True: 1.0m)
2026-06-18T23:21:16.207112,FKID004733,High,40.299746033333335,High,37.3,Auto-simulated outcome (True: 40.3m)
2026-06-18T23:21:19.058020,FKID000477,Low,1043.3983678333332,Low,1020.1,Auto-simulated outcome (True: 1043.4m)
2026-06-18T23:21:21.166795,FKID006532,High,2434.732365266667,High,2282.0,Auto-simulated outcome (True: 2434.7m)
2026-06-18T23:21:24.730172,FKID006309,High,18.3150515,High,19.7,Auto-simulated outcome (True: 18.3m)
2026-06-18T23:21:28.450896,FKID006599,Low,154.20150111666666,Low,159.2,Auto-simulated outcome (True: 154.2m)
2026-06-18T23:21:30.923656,FKID006310,Low,25.91794045,Low,26.5,Auto-simulated outcome (True: 25.9m)
2026-06-18T23:21:34.596679,FKID007418,Low,42.39773146666666,Low,40.7,Auto-simulated outcome (True: 42.4m)
2026-06-18T23:21:37.275758,FKID004619,High,5702.2693427,High,5554.9,Auto-simulated outcome (True: 5702.3m)
2026-06-18T23:21:39.501797,FKID001042,High,60.9291782,High,64.5,Auto-simulated outcome (True: 60.9m)
2026-06-18T23:21:42.079429,FKID004713,High,9.211240083333331,High,8.9,Auto-simulated outcome (True: 9.2m)
2026-06-18T23:21:44.169755,FKID008010,High,17.08193041666667,High,16.4,Auto-simulated outcome (True: 17.1m)
2026-06-18T23:21:46.321600,FKID006834,High,88.67244375,High,93.2,Auto-simulated outcome (True: 88.7m)
2026-06-18T23:21:48.640233,FKID000778,High,29.79319548333333,High,27.4,Auto-simulated outcome (True: 29.8m)
2026-06-18T23:21:51.084604,FKID000900,High,49.60811926666667,High,47.2,Auto-simulated outcome (True: 49.6m)
2026-06-18T23:21:53.957749,FKID005433,High,31.1868471,High,32.0,Auto-simulated outcome (True: 31.2m)
2026-06-18T23:21:56.120245,FKID006465,High,114.57613495,High,111.0,Auto-simulated outcome (True: 114.6m)
2026-06-18T23:21:58.366054,FKID002562,Low,2.3584172666666663,Low,2.3,Auto-simulated outcome (True: 2.4m)
2026-06-18T23:22:02.038712,FKID006419,High,425.97661755,High,398.7,Auto-simulated outcome (True: 426.0m)
2026-06-18T23:22:04.347921,FKID006423,High,66.04253946666667,High,71.9,Auto-simulated outcome (True: 66.0m)
2026-06-18T23:22:07.649197,FKID006143,High,7.489767433333333,High,7.0,Auto-simulated outcome (True: 7.5m)
2026-06-18T23:22:10.973950,FKID004596,Low,86.91129488333333,Low,90.1,Auto-simulated outcome (True: 86.9m)
2026-06-18T23:22:14.123656,FKID001205,Low,63.467518033333334,Low,59.8,Auto-simulated outcome (True: 63.5m)
2026-06-18T23:22:17.013907,FKID003114,High,6.5536546666666675,Low,6.5,Auto-simulated outcome (True: 6.6m)
2026-06-18T23:22:20.828102,FKID002283,Low,111.59204438333332,Low,107.4,Auto-simulated outcome (True: 111.6m)
2026-06-18T23:22:22.967892,FKID006632,Low,203.1981286666667,Low,206.3,Auto-simulated outcome (True: 203.2m)
2026-06-18T23:22:26.087950,FKID004634,Low,26.38407085,Low,23.9,Auto-simulated outcome (True: 26.4m)
2026-06-18T23:22:28.171837,FKID005812,High,91.35186411666668,High,91.3,Auto-simulated outcome (True: 91.4m)
2026-06-18T23:22:30.316815,FKID000996,High,81.69610738333334,High,85.1,Auto-simulated outcome (True: 81.7m)
2026-06-18T23:22:33.317124,FKID003905,Low,5498.457785316667,Low,5398.6,Auto-simulated outcome (True: 5498.5m)
2026-06-18T23:22:35.897914,FKID000633,High,37.8018373,High,36.4,Auto-simulated outcome (True: 37.8m)
2026-06-18T23:22:38.793294,FKID005380,Low,4328.668001566667,Low,4032.1,Auto-simulated outcome (True: 4328.7m)
2026-06-18T23:22:40.851967,FKID000962,High,355.29140055,High,390.2,Auto-simulated outcome (True: 355.3m)
2026-06-18T23:22:44.072148,FKID006450,High,17.231514116666666,High,17.6,Auto-simulated outcome (True: 17.2m)
2026-06-18T23:22:46.800298,FKID005380,Low,4328.668001566667,Low,4115.4,Auto-simulated outcome (True: 4328.7m)
2026-06-18T23:22:50.407229,FKID000578,High,35.9550146,High,37.3,Auto-simulated outcome (True: 36.0m)
2026-06-18T23:22:53.736823,FKID002665,Low,3822.70962675,Low,3455.9,Auto-simulated outcome (True: 3822.7m)
2026-06-18T23:22:57.172421,FKID005883,High,90.33891258333333,High,94.2,Auto-simulated outcome (True: 90.3m)
2026-06-18T23:23:00.185470,FKID003743,Low,21.601343216666667,Low,20.3,Auto-simulated outcome (True: 21.6m)
2026-06-18T23:23:02.452303,FKID007568,Low,34.984809266666666,Low,32.6,Auto-simulated outcome (True: 35.0m)
2026-06-18T23:23:05.636028,FKID007324,Low,835.9154337666666,Low,845.3,Auto-simulated outcome (True: 835.9m)
2026-06-18T23:23:08.579564,FKID007127,High,119.55588141666668,High,111.6,Auto-simulated outcome (True: 119.6m)
2026-06-18T23:23:12.155016,FKID007431,High,69.21877518333334,High,65.7,Auto-simulated outcome (True: 69.2m)
2026-06-18T23:23:14.771240,FKID000956,Low,29.108712066666666,Low,28.9,Auto-simulated outcome (True: 29.1m)
2026-06-18T23:23:16.905200,FKID002477,High,43.93709355,High,41.6,Auto-simulated outcome (True: 43.9m)
2026-06-18T23:23:19.635534,FKID007112,Low,74.30124980000001,Low,74.8,Auto-simulated outcome (True: 74.3m)
2026-06-18T23:23:22.396826,FKID005924,High,47.083670383333335,High,51.1,Auto-simulated outcome (True: 47.1m)
2026-06-18T23:23:25.174465,FKID007578,High,32.954886933333334,High,34.9,Auto-simulated outcome (True: 33.0m)
2026-06-18T23:23:27.899264,FKID008092,High,5282.47767055,High,5686.0,Auto-simulated outcome (True: 5282.5m)
2026-06-18T23:23:30.763913,FKID000539,High,8.949905016666666,High,9.7,Auto-simulated outcome (True: 8.9m)
2026-06-18T23:23:34.585500,FKID008009,High,20.676519583333334,High,20.1,Auto-simulated outcome (True: 20.7m)
2026-06-18T23:23:37.541003,FKID002068,High,43.553649566666664,High,43.4,Auto-simulated outcome (True: 43.6m)
2026-06-18T23:23:40.599598,FKID005502,Low,75.54407861666667,Low,76.9,Auto-simulated outcome (True: 75.5m)
2026-06-18T23:23:42.692329,FKID004911,Low,105.27233006666668,Low,100.0,Auto-simulated outcome (True: 105.3m)
2026-06-18T23:23:45.235742,FKID007839,High,10.638263616666668,High,11.1,Auto-simulated outcome (True: 10.6m)
2026-06-18T23:23:48.644338,FKID006166,Low,8648.681363966667,Low,7971.2,Auto-simulated outcome (True: 8648.7m)
2026-06-18T23:23:51.894327,FKID007820,High,47.4729165,High,44.2,Auto-simulated outcome (True: 47.5m)
2026-06-18T23:23:55.381486,FKID001990,High,88.63287516666666,High,92.4,Auto-simulated outcome (True: 88.6m)
2026-06-18T23:23:58.077051,FKID008152,High,70.00420463333333,High,69.6,Auto-simulated outcome (True: 70.0m)
2026-06-18T23:24:01.330725,FKID006110,Low,105.80286051666668,Low,114.3,Auto-simulated outcome (True: 105.8m)
2026-06-18T23:24:04.163485,FKID007364,High,146.81543166666668,High,159.3,Auto-simulated outcome (True: 146.8m)
2026-06-18T23:24:06.875853,FKID004841,High,44.61752728333333,High,48.4,Auto-simulated outcome (True: 44.6m)
2026-06-18T23:24:10.113369,FKID007231,Low,67.44224876666667,Low,67.7,Auto-simulated outcome (True: 67.4m)
2026-06-18T23:24:13.449000,FKID007765,High,74.82453056666667,High,76.6,Auto-simulated outcome (True: 74.8m)
2026-06-18T23:24:15.929631,FKID004551,High,875.3519315,High,939.8,Auto-simulated outcome (True: 875.4m)
2026-06-18T23:24:18.723515,FKID001962,High,175.78652098333333,Low,185.6,Auto-simulated outcome (True: 175.8m)
2026-06-18T23:24:22.240578,FKID007087,High,46.73368636666667,High,47.9,Auto-simulated outcome (True: 46.7m)
2026-06-18T23:24:24.778929,FKID001864,Low,2.2817703166666665,Low,2.2,Auto-simulated outcome (True: 2.3m)
2026-06-18T23:24:27.731205,FKID007413,Low,69.81026415,Low,72.6,Auto-simulated outcome (True: 69.8m)
2026-06-18T23:24:30.475989,FKID004698,Low,41.68275345,Low,45.1,Auto-simulated outcome (True: 41.7m)
2026-06-18T23:24:33.958606,FKID006169,High,38.99701985,High,39.5,Auto-simulated outcome (True: 39.0m)
2026-06-18T23:24:36.225485,FKID000563,High,16.25948615,Low,16.8,Auto-simulated outcome (True: 16.3m)
2026-06-18T23:24:38.812230,FKID005995,High,33.66901506666667,High,34.0,Auto-simulated outcome (True: 33.7m)
2026-06-18T23:24:41.379287,FKID001642,High,8.985578633333335,High,9.1,Auto-simulated outcome (True: 9.0m)
2026-06-18T23:24:44.782504,FKID004222,Low,9.259744333333334,High,10.0,Auto-simulated outcome (True: 9.3m)
2026-06-18T23:24:47.628050,FKID005204,Low,17.285524333333335,Low,19.0,Auto-simulated outcome (True: 17.3m)
2026-06-18T23:24:51.547353,FKID005090,High,22.104458983333338,High,22.7,Auto-simulated outcome (True: 22.1m)
2026-06-18T23:24:55.207146,FKID002414,High,12.03063225,High,12.9,Auto-simulated outcome (True: 12.0m)
2026-06-18T23:24:57.864910,FKID003782,Low,27.298359316666662,Low,29.7,Auto-simulated outcome (True: 27.3m)
2026-06-18T23:25:00.425914,FKID004673,High,68.20895490000001,High,73.5,Auto-simulated outcome (True: 68.2m)
2026-06-18T23:25:04.300197,FKID003596,High,41.90043643333333,High,39.2,Auto-simulated outcome (True: 41.9m)
2026-06-18T23:25:07.840990,FKID003540,High,2414.280303016667,High,2474.6,Auto-simulated outcome (True: 2414.3m)
2026-06-18T23:25:11.217838,FKID004069,High,1266.6776086833331,High,1232.0,Auto-simulated outcome (True: 1266.7m)
2026-06-18T23:25:14.188264,FKID000930,Low,10.597155033333332,Low,11.2,Auto-simulated outcome (True: 10.6m)
2026-06-18T23:25:16.705125,FKID004873,Low,9.656423833333331,Low,10.5,Auto-simulated outcome (True: 9.7m)
2026-06-18T23:25:19.744746,FKID005341,High,7894.235071849999,High,7451.8,Auto-simulated outcome (True: 7894.2m)
2026-06-18T23:25:23.496195,FKID005195,Low,7112.5823547,Low,6786.7,Auto-simulated outcome (True: 7112.6m)
2026-06-18T23:25:26.961346,FKID003038,High,1345.3929395666669,High,1266.1,Auto-simulated outcome (True: 1345.4m)
2026-06-18T23:25:30.755195,FKID004393,Low,36.25226046666667,Low,38.0,Auto-simulated outcome (True: 36.3m)
2026-06-18T23:25:33.410095,FKID008170,Low,15.77617945,Low,16.8,Auto-simulated outcome (True: 15.8m)
2026-06-18T23:25:35.572859,FKID006789,Low,64.02628708333333,Low,69.3,Auto-simulated outcome (True: 64.0m)
2026-06-18T23:25:38.945729,FKID006608,High,36.74255311666666,High,39.3,Auto-simulated outcome (True: 36.7m)
2026-06-18T23:25:41.349230,FKID001855,Low,26.506782533333332,Low,24.2,Auto-simulated outcome (True: 26.5m)
2026-06-18T23:25:44.882877,FKID000537,High,10.285472433333332,High,9.4,Auto-simulated outcome (True: 10.3m)
2026-06-18T23:25:46.990269,FKID003114,High,6.5536546666666675,High,6.3,Auto-simulated outcome (True: 6.6m)
2026-06-18T23:25:49.847210,FKID003917,Low,63.20659305,Low,58.2,Auto-simulated outcome (True: 63.2m)
2026-06-18T23:25:53.698950,FKID002261,High,10.15080115,High,10.2,Auto-simulated outcome (True: 10.2m)
2026-06-18T23:25:56.892601,FKID006503,High,22.29174835,High,23.9,Auto-simulated outcome (True: 22.3m)
2026-06-18T23:26:00.660358,FKID001729,High,5.4551318,High,5.8,Auto-simulated outcome (True: 5.5m)
2026-06-18T23:26:03.306936,FKID006062,High,81.50184441666667,High,86.2,Auto-simulated outcome (True: 81.5m)
2026-06-18T23:26:05.734373,FKID000001,High,10.37758925,High,9.7,Auto-simulated outcome (True: 10.4m)
2026-06-18T23:26:09.166891,FKID001809,High,39.481431066666666,High,35.9,Auto-simulated outcome (True: 39.5m)
2026-06-18T23:26:11.504644,FKID002367,High,78.09311583333333,High,75.5,Auto-simulated outcome (True: 78.1m)
2026-06-18T23:26:13.937116,FKID006016,High,84.90187545,High,89.0,Auto-simulated outcome (True: 84.9m)
2026-06-18T23:26:16.727024,FKID006575,High,32.96513973333334,High,30.5,Auto-simulated outcome (True: 33.0m)
2026-06-18T23:26:20.696898,FKID006608,High,36.74255311666666,High,37.3,Auto-simulated outcome (True: 36.7m)
2026-06-18T23:26:24.638202,FKID005344,Low,31.693810616666667,Low,29.8,Auto-simulated outcome (True: 31.7m)
2026-06-18T23:26:28.240477,FKID006107,High,75.34786806666666,High,79.4,Auto-simulated outcome (True: 75.3m)
2026-06-18T23:26:31.712714,FKID000185,High,36.504006333333336,High,39.0,Auto-simulated outcome (True: 36.5m)
2026-06-18T23:26:34.988702,FKID001724,High,117.76879753333333,High,107.5,Auto-simulated outcome (True: 117.8m)
2026-06-18T23:26:37.220445,FKID002109,Low,15.814499816666666,Low,15.3,Auto-simulated outcome (True: 15.8m)
2026-06-18T23:26:41.189371,FKID002851,High,91.52639778333334,High,94.2,Auto-simulated outcome (True: 91.5m)
2026-06-18T23:26:45.054836,FKID007626,High,172.3003701833333,High,163.4,Auto-simulated outcome (True: 172.3m)
2026-06-18T23:26:48.383787,FKID005509,High,13.388208883333334,High,13.9,Auto-simulated outcome (True: 13.4m)
2026-06-18T23:26:51.313383,FKID006762,Low,55.782216733333335,Low,53.1,Auto-simulated outcome (True: 55.8m)
2026-06-18T23:26:53.573325,FKID000214,High,11.49699995,High,12.2,Auto-simulated outcome (True: 11.5m)
2026-06-18T23:26:56.259250,FKID006665,High,114.38313273333333,High,104.7,Auto-simulated outcome (True: 114.4m)
2026-06-18T23:26:59.244470,FKID006524,Low,14.36698985,Low,13.9,Auto-simulated outcome (True: 14.4m)
2026-06-18T23:27:02.693130,FKID006775,Low,215.32322236666667,Low,221.2,Auto-simulated outcome (True: 215.3m)
2026-06-18T23:27:06.605103,FKID004715,High,11.609703566666669,High,12.1,Auto-simulated outcome (True: 11.6m)
2026-06-18T23:27:09.046169,FKID005144,Low,123.51028495,Low,111.6,Auto-simulated outcome (True: 123.5m)
2026-06-18T23:27:12.522033,FKID006791,High,52.3450849,High,48.7,Auto-simulated outcome (True: 52.3m)
2026-06-18T23:27:16.305925,FKID003326,High,105.8915411,High,105.8,Auto-simulated outcome (True: 105.9m)
2026-06-18T23:27:19.533521,FKID007250,High,178.83197656666667,High,163.6,Auto-simulated outcome (True: 178.8m)
2026-06-18T23:27:23.054248,FKID007396,High,52.0706338,High,47.7,Auto-simulated outcome (True: 52.1m)
2026-06-18T23:27:27.018399,FKID000358,High,10.859754400000002,High,10.8,Auto-simulated outcome (True: 10.9m)
2026-06-18T23:27:29.856335,FKID004454,Low,7198.283467300001,Low,7728.8,Auto-simulated outcome (True: 7198.3m)
2026-06-18T23:27:33.564635,FKID007961,High,410.07223675,High,397.4,Auto-simulated outcome (True: 410.1m)
2026-06-18T23:27:37.177704,FKID007562,High,34.19998446666667,High,31.2,Auto-simulated outcome (True: 34.2m)
2026-06-18T23:27:40.683334,FKID006365,High,61.2137216,High,59.4,Auto-simulated outcome (True: 61.2m)
2026-06-18T23:27:44.162484,FKID005429,High,92.9163563,High,99.8,Auto-simulated outcome (True: 92.9m)
2026-06-18T23:27:46.576907,FKID002311,High,239.9968421,High,234.8,Auto-simulated outcome (True: 240.0m)
2026-06-18T23:27:48.689298,FKID005598,High,92.36745463333334,High,87.9,Auto-simulated outcome (True: 92.4m)
2026-06-18T23:27:52.602062,FKID003442,High,19.97699008333333,High,20.9,Auto-simulated outcome (True: 20.0m)
2026-06-18T23:27:56.356086,FKID000383,High,72.26638113333334,High,73.4,Auto-simulated outcome (True: 72.3m)
2026-06-18T23:27:59.755937,FKID004596,Low,86.91129488333333,Low,86.4,Auto-simulated outcome (True: 86.9m)
2026-06-18T23:28:03.120373,FKID003025,High,984.9738974833332,High,909.9,Auto-simulated outcome (True: 985.0m)
2026-06-18T23:28:05.675597,FKID000492,High,62.19627536666667,High,61.9,Auto-simulated outcome (True: 62.2m)
2026-06-18T23:28:07.776859,FKID002627,High,78.34826575000001,High,78.8,Auto-simulated outcome (True: 78.3m)
2026-06-18T23:28:10.939838,FKID003600,Low,61.62912321666667,Low,59.5,Auto-simulated outcome (True: 61.6m)
2026-06-18T23:28:14.576927,FKID006699,High,21.473084716666666,Low,23.2,Auto-simulated outcome (True: 21.5m)
2026-06-18T23:28:18.097983,FKID001223,High,29.472658016666667,High,32.4,Auto-simulated outcome (True: 29.5m)
2026-06-18T23:28:20.669109,FKID000348,Low,508.2992390666667,Low,485.8,Auto-simulated outcome (True: 508.3m)
2026-06-18T23:28:23.844055,FKID004039,High,6.410764866666667,High,6.2,Auto-simulated outcome (True: 6.4m)
2026-06-18T23:28:26.444958,FKID000250,High,39.6093981,High,42.6,Auto-simulated outcome (True: 39.6m)
2026-06-18T23:28:30.038711,FKID006793,High,210.75325715,High,226.7,Auto-simulated outcome (True: 210.8m)
2026-06-18T23:28:32.662277,FKID002804,Low,914.0249496,Low,839.1,Auto-simulated outcome (True: 914.0m)
2026-06-18T23:28:35.939756,FKID001519,High,8.213493783333332,Low,8.0,Auto-simulated outcome (True: 8.2m)
2026-06-18T23:28:38.054617,FKID007308,High,75.1166929,High,82.3,Auto-simulated outcome (True: 75.1m)
2026-06-18T23:28:40.293621,FKID004584,Low,10.310373033333333,Low,9.7,Auto-simulated outcome (True: 10.3m)
2026-06-18T23:28:44.082178,FKID004660,High,185.81082023333332,High,186.3,Auto-simulated outcome (True: 185.8m)
2026-06-18T23:28:47.164384,FKID007832,High,8.1381474,High,7.5,Auto-simulated outcome (True: 8.1m)
2026-06-18T23:28:51.073605,FKID003853,Low,4496.882610116666,Low,4281.0,Auto-simulated outcome (True: 4496.9m)
2026-06-18T23:28:54.275365,FKID001682,High,112.30525148333332,High,109.9,Auto-simulated outcome (True: 112.3m)
2026-06-18T23:28:57.265828,FKID004445,High,40.8658856,High,41.0,Auto-simulated outcome (True: 40.9m)
2026-06-18T23:29:00.430618,FKID006229,Low,16.589146799999998,Low,16.5,Auto-simulated outcome (True: 16.6m)
2026-06-18T23:29:03.739297,FKID007652,Low,48.712875966666665,Low,48.1,Auto-simulated outcome (True: 48.7m)
2026-06-18T23:29:07.115394,FKID002127,High,7234.8082012,High,7159.1,Auto-simulated outcome (True: 7234.8m)
2026-06-18T23:29:09.610907,FKID005247,Low,80.19145851666667,Low,83.0,Auto-simulated outcome (True: 80.2m)
2026-06-18T23:29:12.276731,FKID004496,Low,29.33008175,Low,27.8,Auto-simulated outcome (True: 29.3m)
2026-06-18T23:29:14.770822,FKID002283,Low,111.59204438333332,Low,118.5,Auto-simulated outcome (True: 111.6m)
2026-06-18T23:29:16.983039,FKID002924,Low,1414.7297125500002,Low,1394.6,Auto-simulated outcome (True: 1414.7m)
2026-06-18T23:29:20.842669,FKID006541,High,48.62803473333334,High,51.6,Auto-simulated outcome (True: 48.6m)
2026-06-18T23:29:24.725067,FKID002823,High,93.48512965,High,88.3,Auto-simulated outcome (True: 93.5m)
2026-06-18T23:29:28.404976,FKID004241,Low,103.6454872,Low,99.8,Auto-simulated outcome (True: 103.6m)
2026-06-18T23:29:31.903709,FKID006197,High,11.78033255,High,12.3,Auto-simulated outcome (True: 11.8m)
2026-06-18T23:29:34.940920,FKID000226,High,43.87439846666667,High,43.9,Auto-simulated outcome (True: 43.9m)
2026-06-18T23:29:38.023966,FKID002528,High,14.07579545,High,14.8,Auto-simulated outcome (True: 14.1m)
2026-06-18T23:29:40.459101,FKID005981,High,8942.389955716668,High,8531.8,Auto-simulated outcome (True: 8942.4m)
2026-06-18T23:29:44.405083,FKID005737,Low,295.5893642333333,Low,287.7,Auto-simulated outcome (True: 295.6m)
2026-06-18T23:29:47.800943,FKID007077,High,14.823477983333332,High,13.6,Auto-simulated outcome (True: 14.8m)
2026-06-18T23:29:51.114092,FKID003152,High,76.91394981666667,High,79.2,Auto-simulated outcome (True: 76.9m)
2026-06-18T23:29:54.641930,FKID000372,High,36.87994801666667,High,38.7,Auto-simulated outcome (True: 36.9m)
2026-06-18T23:29:57.351315,FKID007623,Low,45.34402125,Low,47.1,Auto-simulated outcome (True: 45.3m)
2026-06-18T23:30:00.130561,FKID008037,High,36.24162716666667,High,39.2,Auto-simulated outcome (True: 36.2m)
2026-06-18T23:30:03.674580,FKID007858,High,16.146346233333333,High,15.8,Auto-simulated outcome (True: 16.1m)
2026-06-18T23:30:07.073700,FKID001331,High,52.03779613333334,High,56.6,Auto-simulated outcome (True: 52.0m)
2026-06-18T23:30:10.842288,FKID001196,Low,1638.5179018833333,Low,1477.8,Auto-simulated outcome (True: 1638.5m)
2026-06-18T23:30:14.641328,FKID001042,High,60.9291782,High,56.0,Auto-simulated outcome (True: 60.9m)
2026-06-18T23:30:18.457195,FKID006578,High,773.9601677166667,High,749.8,Auto-simulated outcome (True: 774.0m)
2026-06-18T23:30:22.054103,FKID007963,Low,76.5535792,Low,72.7,Auto-simulated outcome (True: 76.6m)
2026-06-18T23:30:25.422913,FKID000185,High,36.504006333333336,High,36.3,Auto-simulated outcome (True: 36.5m)
2026-06-18T23:30:28.697431,FKID003325,High,115.88590868333334,High,118.6,Auto-simulated outcome (True: 115.9m)
2026-06-18T23:30:32.282999,FKID005788,High,88.40484938333334,High,80.5,Auto-simulated outcome (True: 88.4m)
2026-06-18T23:30:34.952751,FKID004034,Low,16.351039883333335,Low,17.8,Auto-simulated outcome (True: 16.4m)
2026-06-18T23:30:37.506544,FKID005884,High,51.1371376,High,53.5,Auto-simulated outcome (True: 51.1m)
2026-06-18T23:30:41.431264,FKID001725,High,1443.1942532166663,High,1511.4,Auto-simulated outcome (True: 1443.2m)
2026-06-18T23:30:44.379968,FKID003838,Low,1320.4380149333333,Low,1272.6,Auto-simulated outcome (True: 1320.4m)
2026-06-18T23:30:46.902413,FKID006478,Low,96.69552313333334,Low,87.9,Auto-simulated outcome (True: 96.7m)
2026-06-18T23:30:49.957909,FKID005812,High,91.35186411666668,High,84.8,Auto-simulated outcome (True: 91.4m)
2026-06-18T23:30:53.358981,FKID004801,High,120.45697526666666,High,108.7,Auto-simulated outcome (True: 120.5m)
2026-06-18T23:30:55.986938,FKID007450,High,30.6651656,High,33.5,Auto-simulated outcome (True: 30.7m)
2026-06-18T23:30:59.952588,FKID003918,High,214.58835468333336,High,212.0,Auto-simulated outcome (True: 214.6m)
2026-06-18T23:31:02.059223,FKID006793,High,210.75325715,High,221.4,Auto-simulated outcome (True: 210.8m)
2026-06-18T23:31:05.029144,FKID007854,Low,20.32718785,Low,19.3,Auto-simulated outcome (True: 20.3m)
2026-06-18T23:31:07.286796,FKID003039,Low,4383.935256866666,Low,4199.6,Auto-simulated outcome (True: 4383.9m)
2026-06-18T23:31:09.862561,FKID000384,High,92.67076003333334,High,85.3,Auto-simulated outcome (True: 92.7m)
2026-06-18T23:31:13.490626,FKID001788,High,107.86730428333334,High,100.2,Auto-simulated outcome (True: 107.9m)
2026-06-18T23:31:15.595441,FKID003723,High,14.215710583333331,High,15.2,Auto-simulated outcome (True: 14.2m)
2026-06-18T23:31:19.244546,FKID003164,High,23.54380595,High,24.7,Auto-simulated outcome (True: 23.5m)
2026-06-18T23:31:22.165530,FKID004222,Low,9.259744333333334,Low,9.0,Auto-simulated outcome (True: 9.3m)
2026-06-18T23:31:25.099308,FKID001739,High,11.974767750000002,High,10.9,Auto-simulated outcome (True: 12.0m)
2026-06-18T23:31:28.611915,FKID003545,High,79.2974488,High,74.6,Auto-simulated outcome (True: 79.3m)
2026-06-18T23:31:30.741657,FKID005574,Low,34.95256223333333,Low,33.1,Auto-simulated outcome (True: 35.0m)
2026-06-18T23:31:33.948518,FKID005870,High,5001.927343483333,High,4794.0,Auto-simulated outcome (True: 5001.9m)
2026-06-18T23:31:36.698745,FKID002717,Low,7424.366825533333,Low,7633.4,Auto-simulated outcome (True: 7424.4m)
2026-06-18T23:31:40.486582,FKID006597,High,30.164484366666667,High,28.3,Auto-simulated outcome (True: 30.2m)
2026-06-18T23:31:43.702238,FKID003977,High,16.6484411,High,15.4,Auto-simulated outcome (True: 16.6m)
2026-06-18T23:31:47.074490,FKID004583,High,8.5709438,High,7.8,Auto-simulated outcome (True: 8.6m)
2026-06-18T23:31:49.847815,FKID001461,High,388.87556163333335,High,425.6,Auto-simulated outcome (True: 388.9m)
2026-06-18T23:31:53.507982,FKID008001,High,108.49235771666666,High,111.1,Auto-simulated outcome (True: 108.5m)
2026-06-18T23:31:56.046012,FKID004380,High,15.16647845,High,15.7,Auto-simulated outcome (True: 15.2m)
2026-06-18T23:31:58.620817,FKID007101,High,43.98374376666666,High,43.8,Auto-simulated outcome (True: 44.0m)
2026-06-18T23:32:01.063038,FKID005200,High,75.17017265,High,68.5,Auto-simulated outcome (True: 75.2m)
2026-06-18T23:32:03.862847,FKID000817,Low,358.28831121666667,Low,380.6,Auto-simulated outcome (True: 358.3m)
2026-06-18T23:32:06.774004,FKID000421,Low,52.854736083333336,High,52.0,Auto-simulated outcome (True: 52.9m)
2026-06-18T23:32:09.687117,FKID003947,Low,130.15376253333335,Low,138.9,Auto-simulated outcome (True: 130.2m)
2026-06-18T23:32:12.275756,FKID007627,High,17.292980683333333,High,15.6,Auto-simulated outcome (True: 17.3m)
2026-06-18T23:32:15.414973,FKID002377,High,2.5054130166666666,High,2.3,Auto-simulated outcome (True: 2.5m)
2026-06-18T23:32:19.402040,FKID007775,Low,101.95200981666667,Low,98.7,Auto-simulated outcome (True: 102.0m)
2026-06-18T23:32:23.014666,FKID007914,High,50.8098261,High,47.9,Auto-simulated outcome (True: 50.8m)
2026-06-18T23:32:26.441996,FKID007367,High,30.792283566666665,High,29.8,Auto-simulated outcome (True: 30.8m)
2026-06-18T23:32:29.996548,FKID007347,High,5701.036227866667,High,5458.2,Auto-simulated outcome (True: 5701.0m)
2026-06-18T23:32:33.616962,FKID006103,High,2.1166342,High,1.9,Auto-simulated outcome (True: 2.1m)
2026-06-18T23:32:35.757158,FKID002818,Low,220.28841453333337,Low,203.2,Auto-simulated outcome (True: 220.3m)
2026-06-18T23:32:38.198834,FKID007282,High,40.683018700000005,High,42.5,Auto-simulated outcome (True: 40.7m)
2026-06-18T23:32:41.790132,FKID002417,High,23.780724000000003,High,23.1,Auto-simulated outcome (True: 23.8m)
2026-06-18T23:32:44.245612,FKID001690,High,66.22507335,High,60.7,Auto-simulated outcome (True: 66.2m)
2026-06-18T23:32:48.284106,FKID007199,High,23.53905478333333,Low,21.3,Auto-simulated outcome (True: 23.5m)
2026-06-18T23:32:52.144798,FKID006543,High,63.322104683333336,High,61.1,Auto-simulated outcome (True: 63.3m)
2026-06-18T23:32:54.496533,FKID002321,High,17.988405883333332,High,16.5,Auto-simulated outcome (True: 18.0m)
2026-06-18T23:32:58.049957,FKID002006,Low,1838.542380783333,Low,1692.6,Auto-simulated outcome (True: 1838.5m)
2026-06-18T23:33:01.782971,FKID001334,High,27.9779026,High,29.2,Auto-simulated outcome (True: 28.0m)
2026-06-18T23:33:04.047478,FKID002294,High,61.77526506666666,Low,63.5,Auto-simulated outcome (True: 61.8m)
2026-06-18T23:33:06.775909,FKID003754,High,25.809777583333336,Low,27.1,Auto-simulated outcome (True: 25.8m)
2026-06-18T23:33:10.395861,FKID006167,High,218.97665736666667,High,240.8,Auto-simulated outcome (True: 219.0m)
2026-06-18T23:33:12.569127,FKID000582,High,11.41129385,Low,12.2,Auto-simulated outcome (True: 11.4m)
2026-06-18T23:33:16.137097,FKID000966,High,6.304003066666667,High,6.9,Auto-simulated outcome (True: 6.3m)
2026-06-18T23:33:19.316418,FKID006665,High,114.38313273333333,High,118.5,Auto-simulated outcome (True: 114.4m)
2026-06-18T23:33:22.417229,FKID003490,Low,131.94412271666667,Low,144.7,Auto-simulated outcome (True: 131.9m)
2026-06-18T23:33:26.402349,FKID007233,High,8.948683866666666,High,9.6,Auto-simulated outcome (True: 8.9m)
2026-06-18T23:33:30.236050,FKID004451,Low,17.657173883333332,Low,17.1,Auto-simulated outcome (True: 17.7m)
2026-06-18T23:33:32.605680,FKID002708,High,112.07313198333333,High,107.3,Auto-simulated outcome (True: 112.1m)
2026-06-18T23:33:36.265300,FKID006636,Low,26.693448083333333,Low,25.8,Auto-simulated outcome (True: 26.7m)
2026-06-18T23:33:38.489843,FKID003000,High,106.8736322,High,117.2,Auto-simulated outcome (True: 106.9m)
2026-06-18T23:33:42.339998,FKID000818,Low,95.20728398333334,Low,97.5,Auto-simulated outcome (True: 95.2m)
2026-06-18T23:33:45.000142,FKID002249,Low,149.32047236666668,Low,153.6,Auto-simulated outcome (True: 149.3m)
2026-06-18T23:33:48.223578,FKID007431,High,69.21877518333334,High,68.8,Auto-simulated outcome (True: 69.2m)
2026-06-18T23:33:50.736078,FKID006050,Low,12.550240633333337,Low,11.6,Auto-simulated outcome (True: 12.6m)
2026-06-18T23:33:53.070405,FKID003442,High,19.97699008333333,High,21.4,Auto-simulated outcome (True: 20.0m)
2026-06-18T23:33:56.799940,FKID001013,High,107.36787663333332,High,108.0,Auto-simulated outcome (True: 107.4m)
2026-06-18T23:33:59.804891,FKID000338,High,132.2670364,High,122.4,Auto-simulated outcome (True: 132.3m)
2026-06-18T23:34:02.442973,FKID005173,Low,36.19868998333333,Low,32.9,Auto-simulated outcome (True: 36.2m)
2026-06-18T23:34:04.919244,FKID002334,High,18.770652916666663,High,19.8,Auto-simulated outcome (True: 18.8m)
2026-06-18T23:34:08.523933,FKID003396,High,109.2543058,High,102.3,Auto-simulated outcome (True: 109.3m)
2026-06-18T23:34:11.252075,FKID003587,High,59.305708083333336,High,64.6,Auto-simulated outcome (True: 59.3m)
2026-06-18T23:34:14.877618,FKID000217,High,66.23017465000001,High,68.9,Auto-simulated outcome (True: 66.2m)
2026-06-18T23:34:17.086968,FKID007765,High,74.82453056666667,High,78.9,Auto-simulated outcome (True: 74.8m)
2026-06-18T23:34:19.683177,FKID005852,High,4008.7431538333335,High,4283.9,Auto-simulated outcome (True: 4008.7m)
2026-06-18T23:34:21.763456,FKID006103,High,2.1166342,High,2.3,Auto-simulated outcome (True: 2.1m)
2026-06-18T23:34:25.284185,FKID003206,Low,18.3650141,Low,19.1,Auto-simulated outcome (True: 18.4m)
2026-06-18T23:34:28.585591,FKID008107,Low,49.27864815,Low,48.8,Auto-simulated outcome (True: 49.3m)
2026-06-18T23:34:32.483392,FKID001143,High,33.748134783333334,High,31.4,Auto-simulated outcome (True: 33.7m)
2026-06-18T23:34:34.603218,FKID004197,Low,57.72944888333333,Low,52.6,Auto-simulated outcome (True: 57.7m)
2026-06-18T23:34:38.160639,FKID006134,High,59.494905499999994,High,64.7,Auto-simulated outcome (True: 59.5m)
2026-06-18T23:34:40.254210,FKID001088,High,3801.1654547,High,4008.3,Auto-simulated outcome (True: 3801.2m)
2026-06-18T23:34:42.780126,FKID007464,High,514.82014045,High,563.9,Auto-simulated outcome (True: 514.8m)
2026-06-18T23:34:45.022673,FKID005786,Low,22.123204533333332,Low,24.1,Auto-simulated outcome (True: 22.1m)
2026-06-18T23:34:47.153217,FKID006299,Low,0.9619578,Low,0.9,Auto-simulated outcome (True: 1.0m)
2026-06-18T23:34:50.785803,FKID006527,High,2.269037,High,2.1,Auto-simulated outcome (True: 2.3m)
2026-06-18T23:34:53.154078,FKID004654,High,12.8765419,High,13.7,Auto-simulated outcome (True: 12.9m)
2026-06-18T23:34:55.736527,FKID003061,High,100.7026763,High,96.4,Auto-simulated outcome (True: 100.7m)
2026-06-18T23:34:57.837231,FKID005342,High,20.58339885,High,19.9,Auto-simulated outcome (True: 20.6m)
2026-06-18T23:35:00.816168,FKID007650,High,428.7790138333333,High,468.7,Auto-simulated outcome (True: 428.8m)
